,flyash,water,coarseaggregate,age,cement-coarseaggregate,slag-water,slag-fineaggregate,flyash-fineaggregate,water-cement,water-fineaggregate,superplasticizer-cement,clase,fitness,grupo_cruce,seleccionado,con_mutacion,fila
0,0.0,1.3845506567968466,0.75,0.5,0.0,0.0,0.0,0.5,-0.10601093791993016,0.0,0.0,P,0.03014969351629737,0.0,1,0,1
1,0.0,1.3845506567968466,0.75,0.5,0.0,0.0,0.0,0.5,-0.10601093791993016,0.0,0.0,P,0.03014969351629737,0.0,1,0,2
2,0.0,1.3845506567968466,0.75,0.5,0.0,0.0,0.0,0.5,-0.10601093791993016,0.0,0.0,P,0.03014969351629737,0.0,1,0,3
3,0.0,1.3845506567968466,0.75,0.5,0.0,0.0,0.0,0.5,-0.10601093791993016,0.0,0.0,P,0.03014969351629737,0.0,1,0,4
4,0.0,1.3845506567968466,0.75,0.5,0.0,0.0,0.0,0.5,-0.10601093791993016,0.0,0.0,P,0.03014969351629737,0.0,1,0,5
5,0.0,1.3845506567968466,0.75,0.5,0.0,0.0,0.0,0.5,-0.10601093791993016,0.0,0.0,P,0.03014969351629737,0.0,1,0,6
6,0.0,1.3845506567968466,0.75,0.5,0.0,0.0,0.0,0.5,-0.10601093791993016,0.0,0.0,P,0.03014969351629737,0.0,1,0,7
7,0.0,1.3845506567968466,0.75,0.5,0.0,0.0,0.0,0.5,-0.10601093791993016,0.0,0.0,P,0.03014969351629737,0.0,1,0,8
