,flyash,water,coarseaggregate,age,cement-coarseaggregate,slag-water,slag-fineaggregate,flyash-fineaggregate,water-cement,water-fineaggregate,superplasticizer-cement,clase,fitness,grupo_cruce,seleccionado,con_mutacion,fila
0,0.0,0.0,1.0,0.5,0.0,0.0,0.0,-0.06371933234949567,0.0,0.0,0.0,P,0.0008632640096555548,0.0,1,0,1
1,0.0,0.0,1.0,0.5,0.0,0.0,0.0,-0.06371933234949567,0.0,0.0,0.0,P,0.0008632640096555548,0.0,1,0,2
2,0.0,0.0,1.0,0.5,0.0,0.0,0.0,-0.06371933234949567,0.0,0.0,0.0,P,0.0008632640096555548,0.0,1,0,3
3,0.0,0.0,1.0,0.5,0.0,0.0,0.0,-0.06371933234949567,0.0,0.0,0.0,P,0.0008632640096555548,0.0,1,0,4
4,0.0,0.0,1.0,0.5,0.0,0.0,0.0,-0.06371933234949567,0.0,0.0,0.0,P,0.0008632640096555548,0.0,1,0,5
5,0.0,0.0,1.0,0.5,0.0,0.0,0.0,-0.06371933234949567,0.0,0.0,0.0,P,0.0008632640096555548,0.0,1,0,6
6,0.0,0.0,1.0,0.5,0.0,0.0,0.0,-0.06371933234949567,0.0,0.0,0.0,P,0.0008632640096555548,0.0,1,0,7
7,0.0,0.0,1.0,0.5,0.0,0.0,0.0,-0.06371933234949567,0.0,0.0,0.0,P,0.0008632640096555548,0.0,1,0,8
