,flyash,water,coarseaggregate,age,cement-coarseaggregate,slag-water,slag-fineaggregate,flyash-fineaggregate,water-cement,water-fineaggregate,superplasticizer-cement,clase,fitness,fila,grupo_cruce,seleccionado,con_mutacion
0,0.0,0.25,0.25,0.0,0.6211146156122315,1.0,0.6085649314213665,0.5,0.75,0.75,0.0,P,18.11533650659566,1,1.0,1,0
1,0.0,0.25,0.25,0.0,0.6211146156122315,0.5,0.6405987164892177,0.5048267792568013,0.75,0.25,0.75,P,14.464663636657031,2,3.0,1,0
2,0.0,0.25,0.25,0.0,0.6211146156122315,0.5,0.0,0.25,0.0,-0.2553879977328716,0.0,P,1.2600105153341565,3,0.0,1,0
3,0.0,0.25,0.25,0.0,0.5,0.5,1.0,0.13865583269409826,0.0,0.75,0.0,P,10.760094742515449,4,2.0,1,0
4,0.0,0.25,0.25,1.0,0.6211146156122315,1.0,0.0,0.75,0.0,0.75,0.5,P,10.655198404195682,5,3.0,1,0
5,0.0,0.25,0.25,0.0,0.6211146156122315,0.5,0.0,0.75,0.75,0.75,0.0,P,8.518955289552354,6,0.0,1,0
6,0.0,0.25,0.25,0.0,0.6211146156122315,0.5,0.0,0.25,0.75,-0.2553879977328716,0.0,P,3.2430702639605284,7,2.0,1,0
7,0.0,0.25,0.25,0.0,0.6211146156122315,1.4438831594854176,0.0,0.25,0.0,1.0,0.0,P,12.733207845024074,8,1.0,1,0
